Experiment (Center Point),,Experiment (Upper Bound),,Experiment (Lower Bound),,Spalart-Allm.,,Menter-SST,,Wilcox k-w,
X,Y,X,Y,X,Y,X,Y,X,Y,X,Y
22.432629278951204,0.0070909337873504355,22.141296431172613,0.007444619827026974,22.141296431172613,0.006592529794872633,6.117989803350326,0.006800888986728426,5.8266569555717425,0.006800877277208822,5.535324107793151,0.0068008655676892165
44.28259286234523,0.0070435804900668125,44.573925710123824,0.007284749755856515,43.69992716678805,0.006722013662667474,11.944646758922069,0.00681720034753854,11.944646758922069,0.006801123177120531,13.109978150036419,0.006817247185616961
66.13255644573925,0.007140921726545244,66.42388929351782,0.007382090992334944,66.13255644573925,0.006658606614005053,13.983976693372178,0.00725136591546195,13.692643845593587,0.008376756135202794,14.566642388929345,0.008794797694629777
77.49453750910413,0.013250703156652291,77.20320466132554,0.014054549968033007,77.49453750910413,0.011980606693629783,15.149308084486528,0.008971669988267058,17.771303714493804,0.010772418460760224,16.897305171158045,0.010515148605513306
88.27385287691186,0.005132165347784438,88.56518572469045,0.005453720465664173,87.69118718135468,0.004762367009131081,16.60597232337947,0.010675908600173764,21.267297887836854,0.00967931138657105,18.062636562272395,0.010675967147771791
110.12381646030587,0.011322754172687306,110.41514930808447,0.012914405753589549,110.41514930808447,0.010760064917576688,18.353969410050986,0.010643824516455385,25.92862345229424,0.0074769263916178545,21.558630735615445,0.00890761891602635
121.77713037144935,0.008590103582410425,121.48579752367078,0.010599738175141624,121.48579752367078,0.007368226921122333,20.393299344501095,0.009373810020070114,31.463947560087398,0.0068662163966061104,23.88929351784413,0.007766233492504732
132.55644573925707,0.010214331046854468,132.55644573925707,0.011950665451999161,132.26511289147848,0.008960300044730363,22.141296431172613,0.008602176097123436,42.82592862345229,0.006898827408706728,28.841951930080107,0.006962574033437701
143.3357611070648,0.012465568157600762,143.0444282592862,0.0133176464802355,143.0444282592862,0.011034688280878585,25.92862345229424,0.007653775266215928,51.274581209031304,0.0068348583031032535,38.45593590677348,0.006850420254658629
154.1150764748725,0.010520663789247379,154.40640932265111,0.01103514495214319,154.69774217042968,0.009829368880312312,29.71595047341588,0.007155535207012594,54.47924253459578,0.0076549227991372405,46.90458849235251,0.006915068512399208
176.25637290604513,0.012000653391193971,176.54770575382372,0.012386517190745728,176.54770575382372,0.01161481301068142,34.085943190094675,0.006834167441446545,57.97523670793881,0.009327089036845171,52.731245447924245,0.0068831483619552995
187.9096868171886,0.01047379058226757,187.61835396941004,0.012547733856670793,186.74435542607424,0.00930011030367468,40.78659868900218,0.0069148226124874975,64.67589220684633,0.008684271539075835,56.51857246904587,0.008603557820436855
198.68900218499633,0.012226635410055664,198.39766933721774,0.01370572337899265,197.81500364166055,0.009895410570885915,46.90458849235251,0.006931145682817214,70.50254916241806,0.0077037983339695495,60.888565185724694,0.00919858876869717
210.0509832483612,0.012291400762992295,208.8856518572469,0.014301000227164677,210.34231609613983,0.011632248485373637,52.439912600145654,0.006883136652435694,71.6678805535324,0.007559150638285911,67.00655498907503,0.008218127273110491
220.83029861616893,0.013240387069880068,220.53896576839037,0.01496063259508715,219.9563000728332,0.010587618822350193,54.47924253459578,0.007815694503317303,72.83321194464673,0.012478811624274298,71.37654770575381,0.0074626759062582666
242.38892935178438,0.013659260005199023,242.09759650400576,0.015620663086676203,242.09759650400576,0.01158529331175659,58.557902403495994,0.009053800558778273,75.74654042243262,0.016369603960627907,73.41587764020392,0.008363079416303864
253.45957756737067,0.013466778921927946,252.8769118718135,0.017035887335686162,253.45957756737067,0.012437840015175533,60.5972323379461,0.009230731400013579,78.07720320466132,0.013813427540321728,74.28987618353969,0.013765043805312838
264.53022578295696,0.015412561504251722,264.2388929351784,0.017486504778654946,264.8215586307356,0.013306463889012486,64.67589220684633,0.008732503050329854,80.69919883466858,0.010855333569084991,76.3292061179898,0.016353550209249113
275.3095411507647,0.014094666782200591,275.3095411507647,0.017004634627859755,275.0182083029861,0.012599478223806386,69.04588492352511,0.00775197129762554,82.44719592134012,0.008411673922665647,78.6598689002185,0.01379737378894293
286.38018936635103,0.015091896309861987,285.79752367079385,0.016779975784713453,286.6715222141296,0.012776795479188667,70.79388201019665,0.007510883998473076,83.90386016023305,0.007238099029749204,80.1165331391114,0.010581998252939673
316.9701383831026,0.00826032838176781,316.9701383831026,0.009305344458938226,316.9701383831026,0.0068133830441472285,72.83321194464673,0.0087328309168788,87.98252002913327,0.006530867464631393,80.1165331391114,0.010581998252939673
327.4581209031318,0.00784274349360543,327.74945375091033,0.008308993145247221,328.3321194464676,0.007456926532132091,73.12454479242533,0.010051170600674935,92.64384559359067,0.006723980861961154,82.73852876911869,0.008411685632185252
338.5287691187181,0.0053351498701414285,338.5287691187181,0.005688847619337568,338.5287691187181,0.005110069484289336,73.41587764020392,0.013363079416303861,92.93517844136923,0.009023027941255679,86.52585579024031,0.006788043643721471
349.59941733430435,0.0034867202338156877,349.0167516387472,0.003808240223136604,349.59941733430435,0.0033098713592176164,75.45520757465403,0.016337437910272288,96.1398397669337,0.011595504012852365,90.31318281136197,0.0065952698224602604
370.86671522214124,0.0021370927136343323,370.86671522214124,0.0025068676332484774,371.1580480699198,0.002024564230227892,77.78587035688273,0.01485843190797254,102.54916241806262,0.01344463622035442,91.18718135469774,0.007592089516935475
,,,,,,80.40786598688999,0.01106432507499947,107.21048798252002,0.01220688145048161,94.97450837581937,0.010180666177989378
,,,,,,81.86453022578294,0.008845734104912609,114.78514202476327,0.010599468856190702,101.0924981791697,0.01283364519687215
,,,,,,85.36052439912598,0.007222080406929222,120.9031318281136,0.009088460736809809,102.84049526584118,0.013332107736947981
,,,,,,87.98252002913327,0.006579098975885413,126.72978878368534,0.008927923223021848,110.70648215586306,0.011419240614234556
,,,,,,90.89584850691915,0.006691756264007512,128.18645302257826,0.011130554117886755,116.53313911143479,0.010020760978260103
,,,,,,93.809176984705,0.008154895867242148,130.2257829570284,0.01352613447680695,122.94246176256371,0.009088542703447047
,,,,,,96.72250546249086,0.010775591740573248,133.13911143481425,0.014362264433739337,127.31245447924252,0.008976178153315079
,,,,,,102.25782957028403,0.013267775636236743,140.42243262927892,0.012626222766584774,129.06045156591404,0.010792968667667437
,,,,,,104.58849235251273,0.01293024873361545,146.54042243262924,0.010729362557171726,130.80844865258555,0.01347792638459214
,,,,,,111.28914785142024,0.011162029306585664,150.32774945375087,0.009780961726264213,133.43044428259284,0.014394430484094955
,,,,,,117.69847050254916,0.009618878555888362,152.65841223597957,0.010600991093739385,139.54843408594317,0.012867345194296055
,,,,,,121.48579752367078,0.009024175474176993,157.319737800437,0.011951660761165609,144.20975965040054,0.01142058720898916
,,,,,,127.02112163146393,0.008927934932541454,160.23306627822282,0.013591649238998317,149.74508375819372,0.010182867567675166
,,,,,,128.18645302257826,0.009394219712742062,163.43772760378732,0.014524253927958346,152.36707938820098,0.00982927520415547
,,,,,,130.80844865258555,0.011130659503563203,168.68171886380188,0.012884593316674587,157.90240349599412,0.011244288681812537
,,,,,,133.43044428259284,0.014378353313676949,175.67370721048795,0.011807703927138683,164.60305899490163,0.01455645510687278
,,,,,,136.9264384559359,0.013429940773249834,181.79169701383827,0.011132708669494121,167.5163874726875,0.01349547895448041
,,,,,,142.46176256372902,0.011629520167305613,184.70502549162416,0.011277520298452231,171.59504734158773,0.012450626810584465
,,,,,,149.45375091041512,0.01013462434690154,187.61835396941004,0.014155450898471436,178.2957028404952,0.011454111563618988
,,,,,,152.94974508375816,0.00947560087399854,189.65768390386012,0.01510408591977105,184.12235979606697,0.011068493663978938
,,,,,,159.65040058266567,0.011807059903560395,193.44501092498174,0.014075299236773508,186.45302257829567,0.012531609848174365
,,,,,,162.85506190823014,0.013897220862616886,197.523670793882,0.01282144387744348,191.11434814275304,0.015216684660295122
,,,,,,164.31172614712307,0.014234899988993048,203.64166059723232,0.012242911642306958,194.6103423160961,0.01425219494945
,,,,,,169.8470502549162,0.012434479383048827,208.8856518572469,0.012210968072823842,198.98033503277492,0.013094814322147616
,,,,,,175.67370721048795,0.011373620325852509,214.12964311726148,0.013883204567649403,203.93299344501088,0.012564466760186693
,,,,,,183.24836125273123,0.010505757570789899,215.87764020393297,0.015040831094863498,209.17698470502546,0.012612909042793607
,,,,,,186.74435542607424,0.012097537956407797,220.24763292061175,0.014237148216757256,213.5469774217043,0.013786718126102155
,,,,,,190.82301529497448,0.014798666519907352,228.11361981063362,0.012726210354493993,217.04297159504728,0.01544280719339208
,,,,,,195.1930080116533,0.013351896825080851,233.64894391842677,0.013128362095816654,222.57829570284048,0.01459093964211024
,,,,,,201.89366351056077,0.011824834954321161,238.01893663510555,0.01399670494118308,226.94828841951926,0.01359433071898792
,,,,,,208.30298616168972,0.011825092563752476,243.26292789512013,0.015170549153050442,230.4442825928623,0.013272927824863053
,,,,,,211.50764748725413,0.011809144198050129,246.4675892206846,0.014366819436865779,235.1056081573197,0.013658967267208891
,,,,,,215.2949745083758,0.013095470055245511,254.04224326292785,0.013418570829713136,241.51493080844864,0.015701025519727026
,,,,,,216.46030589949015,0.014397767697182451,260.4515659140568,0.013885066381266638,247.05025491624178,0.015331473080985376
,,,,,,219.08230152949739,0.014992728388325136,265.98689002184994,0.015074999473071615,249.38091769847045,0.014704557110839967
,,,,,,224.90895848506915,0.013272705343990552,275.6008739985433,0.014014292639630162,255.20757465404222,0.014206399018273873
,,,,,,229.8616168973051,0.012292197010325452,279.38820101966496,0.01388582750004098,258.41223597960663,0.014399453868005608
,,,,,,233.3576110706482,0.012228028842888688,287.54552075746534,0.014899017102924333,261.6168973051711,0.015492830261145703
,,,,,,239.47560087399853,0.013016056093282713,291.0415149308084,0.015124238003011685,265.40422432629276,0.015830603063678707
,,,,,,245.01092498179162,0.014977693365151997,299.49016751638743,0.01420817886525387,271.23088128186447,0.015332444971112611
,,,,,,249.38091769847045,0.01406147029411971,300.6554989075018,0.008131055285325862,275.3095411507647,0.01499498832560895
,,,,,,254.04224326292785,0.01295233288759095,302.98616168973047,0.007745296871450551,279.38820101966496,0.015011229429301429
,,,,,,258.1209031318281,0.012711339264595327,315.2221412964311,0.008067332079634098,283.17552804078656,0.015541928276850511
,,,,,,263.6562272396212,0.013258185539680046,325.7101238164602,0.007858750406905804,288.41951930080114,0.016104840012833632
,,,,,,270.9395484340859,0.015091275705322909,330.08011653313906,0.007360533766741685,294.53750910415147,0.01573531099313119
,,,,,,275.0182083029861,0.014175040924771017,339.985433357611,0.005528134462755529,300.3641660597232,0.015526541968089213
,,,,,,282.30152949745076,0.013339320801024814,347.85142024763286,0.004322662838434389,300.3641660597232,0.009047442289632624
,,,,,,288.41951930080114,0.013902267665566749,362.1267297887836,0.0030692173122905467,303.277494537509,0.008677784465214528
,,,,,,291.0415149308084,0.014883080446741588,376.98470502549156,0.00233026465856212,315.5134741442097,0.008710430605873962
,,,,,,293.66351056081567,0.015349423774540223,388.92935178441365,0.0020735100221778296,324.2534595775673,0.008742936232298132
,,,,,,298.6161689730517,0.014626150167563221,399.99999999999994,0.002122186495176849,332.11944646758917,0.007392770074214933
,,,,,,300.6554989075018,0.008179286796579881,,,337.36343772760375,0.005881726826275224
,,,,,,305.60815731973776,0.007263087144586804,,,346.39475600874,0.004563761847106457
,,,,,,312.6001456664238,0.007327676854729357,,,357.4654042243262,0.0032941103458289517
,,,,,,319.0094683175527,0.008067484303388966,,,370.28404952658406,0.002619384407135314
,,,,,,328.6234522942461,0.007730250138757805,,,381.0633648943918,0.00237866010309061
,,,,,,334.74144209759646,0.006621171279827073,,,394.4646758922068,0.0024917389339184984
,,,,,,341.7334304442825,0.005254892822767053,,,397.96067006554983,0.002491879448153763
,,,,,,353.386744355426,0.0038566473771847014,,,,
,,,,,,365.62272396212666,0.0027638915885836862,,,,
,,,,,,380.18936635105604,0.002169621759097712,,,,
,,,,,,392.13401310997807,0.0019289442931314273,,,,
,,,,,,400.29133284777856,0.0020096580117704085,,,,
