Experiment (Center Point),,Experiment (Upper Bound),,Experiment (Lower Bound),,Spalart-Allmaras,,Menter-SST,,Wilcox k-w,
X,Y,X,Y,X,Y,X,Y,X,Y,X,Y
22.58923411642774,0.00019870759289176087,22.622560634763822,0.0003126009693053311,22.575288977549512,0.00015105008077544418,6.214804773964673,0.00023909531502423254,6.527270428151226,0.00030694668820678507,5.946774477559558,0.00032310177705977385
77.61887935445824,0.0002625201938610662,77.62549738646825,0.00028513731825525036,77.32059519743598,0.0002431340872374797,12.655095352841563,0.00024878836833602585,14.437945904679076,0.0003416801292407108,13.853195504938121,0.0003432956381260097
99.27000743346807,0.0002552504038772213,99.5673461573461,0.00027140549273021,99.266462059177,0.0002431340872374797,14.414546434357995,0.0002617124394184168,16.5053718329467,0.00040710823909531505,13.566729262219447,0.00036429725363489496
121.51132215279853,0.0002649434571890145,121.81102445953724,0.00028917609046849753,121.50659498707711,0.00024878836833602585,16.19101531247157,0.00033279483037156705,18.270259155042773,0.00043861066235864306,14.744975318285974,0.0003909531502423264
143.481770276291,0.0003489499192245557,143.48744287515672,0.0003683360258481421,143.4758613191392,0.0003287560581583199,17.366897785677402,0.000351373182552504,22.063573288204672,0.00040226171243941844,15.928893973218244,0.0004369951534733441
165.71977597961646,0.00034733441033925696,165.73041210248968,0.00038368336025848147,165.70157639158896,0.00028513731825525036,19.999220017655965,0.00034733441033925696,25.851687539072977,0.0003481421647819063,15.928893973218244,0.0004369951534733441
187.36735868433524,0.00032794830371567045,187.0747471261787,0.00032794830371567045,187.3668859677631,0.0003263327948303716,22.913281326631783,0.00030613893376413574,31.98447598777083,0.00030694668820678507,16.820201069993963,0.0004830371567043619
209.90837571040433,0.00036187399030694666,209.92515714871544,0.00041922455573505655,209.59850999736457,0.0003029079159935379,27.292764009251066,0.00027302100161550886,33.73589088756082,0.0002924071082390954,17.998210767774445,0.0005088852988691438
231.56517638827992,0.00037399030694668827,231.57250349514814,0.0003990306946688207,231.5604492225585,0.0003578352180936995,33.140977081518805,0.0002592891760904685,36.9508362947057,0.00027948303715670433,20.622733176312657,0.0004781906300484653
253.80885469047112,0.0003917609046849758,253.81759994705575,0.00042164781906300485,253.7972731344536,0.00035218093699515356,40.454138810857835,0.0002520193861066235,41.04527088432271,0.00027221324717285943,22.948735069542515,0.0004273021001615509
275.7462126539136,0.0003626817447495961,275.7603941510779,0.0004111470113085622,275.7317947984632,0.00031340872374798065,52.15765570397544,0.00024878836833602585,51.57857790310022,0.0002697899838449111,25.86019643737155,0.0003772213247172859
,,,,,,53.329047369745915,0.0002520193861066235,53.630167826201024,0.0002810985460420032,31.702736910773574,0.0003441033925686591
,,,,,,56.26508999932637,0.0002859450726978998,58.925066150775315,0.00037641357027463646,36.9673813747307,0.0003360258481421648
,,,,,,58.317861713857575,0.00030129240710823914,60.97476520758756,0.00038126009693053306,45.74643719428534,0.0003384491114701132
,,,,,,60.36685169581161,0.00030371567043618734,63.31353044826532,0.00037399030694668827,51.59795928255807,0.0003360258481421648
,,,,,,63.2920218442328,0.0003004846526655897,65.35755690621187,0.00035945072697899836,53.94381527181795,0.0003529886914378029
,,,,,,65.62889621862197,0.00028675282714054934,68.008315084504,0.0004184168012924071,56.59079171753296,0.0003990306946688207
,,,,,,66.80241510896707,0.00029725363489499187,68.6223739117178,0.0005169628432956382,58.942320305658534,0.0004353796445880452
,,,,,,68.87787721896115,0.00039014539579967683,69.51320829192139,0.0005613893376413571,61.86725409579365,0.00043134087237479805
,,,,,,69.46570027642102,0.0003990306946688207,71.54967128471364,0.0005210016155088854,65.95436157854246,0.0003990306946688207
,,,,,,70.34164408460208,0.00039256865912762524,73.27934122218505,0.0004321486268174475,67.72373970807388,0.00044588045234248785
,,,,,,72.6730822184116,0.0003602584814216479,75.88542768440968,0.0003384491114701132,67.74595738696459,0.0005218093699515348
,,,,,,74.12266758688827,0.0003142164781906301,78.79996170995767,0.00029886914378029073,69.53448053766783,0.0006340872374798062
,,,,,,75.86911896267074,0.00028271405492730217,81.13943602549358,0.00029402261712439413,71.57425254646509,0.0006050080775444266
,,,,,,78.49364137120895,0.0002520193861066235,84.95591327069053,0.0003368336025848142,73.01225635892422,0.0005193861066235864
,,,,,,79.95480829570312,0.0002455573505654281,89.95583645424753,0.00042407108239095315,75.32431311327588,0.0004208400646203555
,,,,,,82.297355268958,0.00025121163166397416,92.29885614407456,0.00043134087237479805,79.39298464971111,0.00032552504038772204
,,,,,,84.63966588392682,0.00025605815831987065,94.34335531859324,0.0004184168012924071,83.19929848860696,0.0003336025848142165
,,,,,,86.40195326487608,0.000278675282714055,99.89044793440587,0.00037560581583198703,87.02073925781136,0.0003933764135702747
,,,,,,87.87304723738526,0.00030613893376413574,103.11744761414036,0.0004038772213247173,88.49868762061658,0.000444264943457189
,,,,,,89.63604369319276,0.0003311793214862682,106.93108855990442,0.0004369951534733441,91.14590042461768,0.0004911147011308562
,,,,,,90.80790807553535,0.0003360258481421648,111.31671655796154,0.0004248788368336027,93.19063595742242,0.00047899838449111474
,,,,,,93.44046666579999,0.00033279483037156705,113.64602746719643,0.00038529886914378023,96.68944766613919,0.00043618739903069465
,,,,,,96.6521030569399,0.00030856219709208405,119.19146557500653,0.0003368336025848142,101.35988739891252,0.00039741518578352184
,,,,,,100.45085343068143,0.0002907915993537964,120.94453498279901,0.00032794830371567045,103.70361616359776,0.00040710823909531505
,,,,,,102.20652277962071,0.0002907915993537964,122.4130290141614,0.0003465266558966074,106.93983381648906,0.0004668820678513731
,,,,,,103.37909623682151,0.0002980613893376413,124.18500708483961,0.00040226171243941844,108.99331460587845,0.0004846526655896608
,,,,,,105.43328610106917,0.00031825525040387725,127.12554052185544,0.000451534733441034,111.03946828839963,0.00047738287560581587
,,,,,,106.9013074158594,0.00033521809369951535,128.87695542164548,0.0004369951534733441,113.66753607122894,0.0004588045234248788
,,,,,,109.53622958898475,0.00034006462035541195,131.50029603875328,0.00040226171243941844,118.62349661357663,0.000395799676898223
,,,,,,112.45974522940344,0.0003311793214862682,135.29644647134805,0.00037560581583198703,122.70989502146722,0.00036106623586429733
,,,,,,116.25613202028427,0.0003053311793214863,137.6368662200283,0.00037399030694668827,125.9465853909307,0.0004224555735056543
,,,,,,119.76085268615282,0.00028271405492730217,139.98130405957173,0.0003861066235864298,126.24888763881617,0.00045557350565428117
,,,,,,122.3905749769846,0.0002697899838449111,145.25516649668566,0.00040953150242326335,128.8975185925337,0.000507269789983845
,,,,,,123.85552363405591,0.0002762520193861066,148.7615416705567,0.00039256865912762524,131.23132030920388,0.0004830371567043619
,,,,,,125.91656788859962,0.0003198707592891761,153.72932012720804,0.0003699515347334411,134.7298956596346,0.0004394184168012924
,,,,,,127.09505030295222,0.00034733441033925696,157.5377611906785,0.00038529886914378023,139.4055352747015,0.0004184168012924071
,,,,,,128.26667832700878,0.000351373182552504,161.64117739516624,0.0004087237479806139,142.92278292973182,0.00043861066235864306
,,,,,,130.89900055898735,0.00034733441033925696,163.69040373540636,0.00041195476575121165,145.5655049262976,0.00047011308562197097
,,,,,,133.5247047589559,0.00032067851373182544,168.07532265860524,0.00039741518578352184,148.19829987484826,0.00046768982229402256
,,,,,,135.86110641677294,0.0003053311793214863,172.7530894982468,0.00038368336025848147,151.69947516642574,0.0004329563812600969
,,,,,,138.78580384862198,0.0003004846526655897,177.43865616132874,0.0003966074313408724,156.08344865648039,0.0004151857835218094
,,,,,,141.42048966346124,0.0003045234248788369,182.7042460584301,0.0003917609046849758,159.30383030420495,0.0004208400646203555
,,,,,,144.05990264402197,0.0003247172859450727,187.6753335310864,0.00038045234248788363,162.8265141998149,0.00045961227786752833
,,,,,,146.98743637530387,0.0003295638126009692,194.99936774158476,0.0004103392568659128,165.4645090306592,0.00047495961227786757
,,,,,,149.32691069083978,0.0003247172859450727,198.80166348961737,0.00040468497576736674,169.55799818713194,0.00046445880452342493
,,,,,,151.66473049837325,0.0003142164781906301,205.23439060334002,0.0003885298869143781,173.9426807520448,0.0004491114701130856
,,,,,,154.88062133866242,0.0003045234248788369,209.91948454984973,0.00039983844911147014,178.04113343252502,0.00045557350565428117
,,,,,,158.1002939115287,0.0003077544426494345,219.86780481060018,0.00039822294022617117,180.96984895523727,0.00046445880452342493
,,,,,,161.9096804081435,0.0003263327948303716,225.72263591487794,0.00040710823909531505,184.76978112040916,0.00045072697899838456
,,,,,,165.7162306053254,0.00033521809369951535,232.74129521977184,0.0003933764135702747,187.98472652755405,0.00043780290791599363
,,,,,,168.0559412791474,0.0003311793214862682,236.2516884845061,0.00039014539579967683,191.7924585161663,0.00045072697899838456
,,,,,,170.97945691956608,0.0003222940226171244,239.17874949921585,0.0003933764135702747,198.24196706819998,0.0004919224555735057
,,,,,,174.4893774677282,0.0003174474959612278,248.25301681807386,0.00040468497576736674,201.16642814176296,0.00048626817447495964
,,,,,,177.7097591154527,0.00032310177705977385,254.10524798120477,0.00040468497576736674,206.7177752067249,0.00045799676898222936
,,,,,,181.22464318762238,0.00033521809369951535,262.8793402767519,0.00039014539579967683,209.9367387047329,0.0004588045234248788
,,,,,,182.6877009784051,0.00033521809369951535,268.7315714398829,0.00039014539579967683,213.1561749193132,0.0004612277867528272
,,,,,,185.6105075439656,0.0003239095315024233,277.2165975515645,0.00038772213247172864,218.4250738324196,0.00046768982229402256
,,,,,,188.8275801756851,0.00031825525040387725,283.6531063978643,0.0003844911147011308,221.64687362986055,0.0004781906300484653
,,,,,,192.3405733815662,0.0003239095315024233,290.3845903851813,0.0003893376413570274,225.7476898932015,0.0004927302100161551
,,,,,,196.14830537017843,0.0003368336025848142,295.6565619560066,0.0004063004846526656,229.25808315793572,0.0004894991922455575
,,,,,,198.49037962686117,0.0003408723747980614,299.15962811387266,0.00037802907915993544,232.7632765403765,0.0004684975767366721
,,,,,,201.7079249751528,0.0003368336025848142,300.58486857888397,0.00024878836833602585,236.27201529710825,0.00045961227786752833
,,,,,,204.3402472071314,0.00033279483037156705,305.2649990013863,0.0002431340872374797,238.90670111194757,0.0004636510500807755
,,,,,,207.55779255542305,0.0003287560581583199,315.2182827861442,0.00025848142164781906,243.59581314932055,0.0004886914378029079
,,,,,,209.9003395286779,0.0003344103392568659,318.14605287571214,0.0002641357027463651,249.74254673689657,0.0004951534733441034
,,,,,,212.53526170180325,0.0003392568659127625,322.5352262480604,0.0002641357027463651,255.00719120085373,0.0004870759289176091
,,,,,,216.04565496653757,0.0003360258481421648,328.08893689588297,0.00024394184168012925,259.97662416550753,0.00047011308562197097
,,,,,,220.14150770587096,0.0003336025848142165,331.3031732281696,0.0002285945072697899,263.78057442154267,0.00047011308562197097
,,,,,,224.53139015307747,0.0003360258481421648,337.7288095933102,0.00018820678513731823,266.41738746095655,0.00048142164781906304
,,,,,,228.33864942511755,0.00034733441033925696,344.44989381603995,0.00015751211631663976,269.3472847750992,0.0004943457189014541
,,,,,,231.5569038482674,0.000345718901453958,355.26423083695653,0.0001155088852988691,271.9810251567942,0.0004951534733441034
,,,,,,235.35872687972793,0.0003384491114701132,368.1311032141181,0.00008804523424878826,276.95163991287836,0.00048222940226171247
,,,,,,239.4550523356335,0.00033764135702746365,384.80547122160596,0.00007269789983844902,282.2155753019773,0.00047172859450726973
,,,,,,245.01632644861039,0.0003432956381260097,399.14225577984644,0.00006865912762520185,286.8992510987706,0.0004781906300484653
,,,,,,247.6507759051636,0.0003465266558966074,,,292.4643069443246,0.0004967689822294023
,,,,,,253.210395510138,0.0003465266558966074,,,295.3913679590344,0.0005
,,,,,,257.3083754740461,0.000351373182552504,,,299.1924819156366,0.0004903069466882068
,,,,,,260.81947781363857,0.0003505654281098546,,,299.7725051496561,0.00047253634894991927
,,,,,,266.67005446876703,0.00034491114701130855,,,300.0199722751731,0.00031825525040387725
,,,,,,272.2318012983161,0.00035218093699515356,,,307.0426496709302,0.00031825525040387725
,,,,,,276.6231018952389,0.00035945072697899836,,,313.780042615399,0.0003432956381260097
,,,,,,282.47462398351166,0.00035702746365105006,,,319.0472870205029,0.0003441033925686591
,,,,,,285.40097592336326,0.0003578352180936995,,,324.3079133935969,0.0003222940226171244
,,,,,,292.1303326861056,0.0003554119547657512,,,328.9771713349398,0.00027948303715670433
,,,,,,299.15490094815124,0.00036187399030694666,,,334.2359068417452,0.00025121163166397416
,,,,,,300.87748013704055,0.00024878836833602585,,,341.53795973163875,0.00020597738287560577
,,,,,,302.9267064772807,0.0002520193861066235,,,348.8423762043932,0.00016882067851373183
,,,,,,309.0687128991353,0.00024232633279483028,,,359.65694958359586,0.0001276252019386106
,,,,,,316.67637705291946,0.00024151857835218095,,,373.1095177936427,0.00010177705977382873
,,,,,,322.23670573275206,0.00024394184168012925,,,387.1546362268709,0.00010096930533117919
,,,,,,326.9163634386822,0.00023667205169628435,,,400.3226290604877,0.00010258481421647817
,,,,,,333.34790876097446,0.0002164781906300484,,,,
,,,,,,340.9442277170272,0.00017689822294022616,,,,
,,,,,,353.2213861704403,0.00013408723747980608,,,,
,,,,,,365.2090057234159,0.00010177705977382873,,,,
,,,,,,377.4939640002695,0.00008562197092084006,,,,
,,,,,,386.8549339201322,0.00007673667205169619,,,,
,,,,,,399.14367392956285,0.00007350565428109845,,,,
