Experiment (Center Point),,Experiment (Upper Bound),,Experiment (Lower Bound),,1/8C No Walls,,1/2C W Walls,
X,Y,X,Y,X,Y,X,Y,X,Y
33.50785340314137,0.00008617021276595741,33.50785340314137,0.00010132978723404243,33.208676140613306,0.00006143617021276586,-0.29917726252804755,0.0008002659574468086,0,0.000799468085106383
99.3268511593119,0.0003558510638297872,99.62602842183992,0.0005585106382978724,99.3268511593119,0.00022260638297872336,1.4958863126402377,0.00043962765957446807,1.7950635751682853,0.0005537234042553192
121.16679132385937,0.00043962765957446807,121.16679132385937,0.0007061170212765957,121.16679132385937,0.00028803191489361704,3.889304412864618,0.00030558510638297874,2.3934181002243804,0.00037898936170212765
143.30590875093495,0.00040452127659574465,143.30590875093495,0.0006271276595744681,143.30590875093495,0.0003303191489361702,4.487658937920713,0.0002082446808510638,4.786836200448761,0.00020585106382978722
165.44502617801044,0.0004659574468085106,165.44502617801044,0.0006438829787234042,165.44502617801044,0.00036702127659574466,8.676140613313393,0.00015079787234042552,13.163799551234106,0.00012127659574468082
187.28496634255796,0.0004484042553191489,187.58414360508598,0.0006335106382978723,187.28496634255796,0.00036223404255319145,13.163799551234106,0.00011888297872340414,20.344053851907262,0.00009654255319148928
209.12490650710546,0.0004412234042553192,209.42408376963348,0.0005545212765957447,209.42408376963348,0.0003526595744680851,23.635003739715785,0.00009255319148936169,31.41361256544502,0.00007819148936170212
230.9648466716529,0.00043244680851063834,231.26402393418104,0.0005497340425531915,231.56320119670906,0.00034148936170212766,33.208676140613306,0.00007978723404255324,32.61032161555721,0.000016755319148936253
252.80478683620046,0.0004492021276595745,253.4031413612565,0.0005792553191489361,253.4031413612565,0.00036223404255319145,33.8070306656694,0.00004867021276595742,36.20044876589378,0.000016755319148936253
275.243081525804,0.0004531914893617021,275.243081525804,0.0005577127659574468,275.243081525804,0.00036622340425531915,34.70456245325356,0.000015957446808510583,38.893044128646224,0.00004867021276595742
297.38219895287955,0.000461968085106383,297.38219895287955,0.0006135638297872341,297.08302169035153,0.00034148936170212766,35.00373971578159,0.000021542553191489298,41.8848167539267,0.00004148936170212758
319.5213163799551,0.0003159574468085106,319.5213163799551,0.00038696808510638295,319.222139117427,0.00026250000000000004,38.29468960359014,0.00010930851063829794,46.671652954375446,0.00004069148936170213
341.36125654450257,0.0002489361702127659,341.36125654450257,0.0003159574468085106,341.36125654450257,0.0001882978723404255,39.19222139117426,0.00010930851063829794,50.86013462976811,0.00003111702127659571
385.3403141361257,0.00015159574468085097,385.3403141361257,0.00020904255319148936,385.3403141361257,0.00012207446808510638,47.27000747943157,0.0000805851063829787,52.05684367988033,0.00010771276595744682
429.3193717277487,0.00007898936170212757,429.3193717277487,0.00013324468085106381,429.3193717277487,0.000016755319148936253,52.35602094240838,0.00007420212765957453,53.25355272999249,0.0008002659574468086
,,,,,,52.05684367988033,0.00005265957446808512,54.45026178010471,0.00004069148936170213
,,,,,,53.55272999252057,0.0008002659574468086,55.34779356768885,0.000801063829787234
,,,,,,53.851907255048616,0.0000015957446808511234,56.544502617801044,7.978723404254533e-7
,,,,,,54.45026178010471,0.0008002659574468086,57.741211667913234,0.000019946808510638283
,,,,,,55.6469708302169,-0.000014361702127659568,61.9296933433059,0.000023936170212765875
,,,,,,55.6469708302169,0.0007986702127659574,61.9296933433059,0.000031914893617021275
,,,,,,58.33956619296933,-0.00008696808510638297,69.40912490650712,0.000028723404255319028
,,,,,,56.84367988032909,0.0007962765957446809,74.19596110695588,0.00003829787234042544
,,,,,,58.63874345549738,0.000004787234042553153,78.68362004487659,0.0000805851063829787
,,,,,,59.835452505609595,0.00016196808510638306,81.67539267015707,0.0001396276595744681
,,,,,,62.228870605833976,0.000055053191489361697,85.26551982049364,0.0002122340425531915
,,,,,,64.32311144353028,0.000029521276595744698,87.65893792071802,0.00028962765957446805
,,,,,,69.10994764397904,0.000025531914893616998,90.35153328347047,0.00035664893617021274
,,,,,,73.2984293193717,0.00003351063829787229,97.53178758414361,0.0004180851063829787
,,,,,,79.88032909498878,0.0000845744680851064,103.21615557217652,0.00042925531914893614
,,,,,,81.97456993268511,0.00010132978723404243,108.60134629768137,0.0004125
,,,,,,84.06881077038145,0.0001356382978723404,114.28571428571428,0.0003574468085106383
,,,,,,89.15482423335826,0.00017313829787234038,116.9783096484667,0.00033271276595744686
,,,,,,94.24083769633509,0.0001707446808510638,119.37172774869109,0.0004507978723404255
,,,,,,96.3350785340314,0.0002002659574468085,121.16679132385937,0.0005656914893617021
,,,,,,98.72849663425578,0.0002337765957446809,123.56020942408375,0.0006486702127659575
,,,,,,100.82273747195214,0.00023537234042553192,126.25280478683618,0.0006375
,,,,,,105.31039640987282,0.0002632978723404255,132.83470456245325,0.0005457446808510638
,,,,,,108.00299177262528,0.0002712765957446809,136.72400897531784,0.0004914893617021277
,,,,,,113.98653702318623,0.0002688829787234042,141.51084517576663,0.0004531914893617021
,,,,,,115.48242333582647,0.0002617021276595745,142.10919970082273,0.00048670212765957447
,,,,,,116.67913238593866,0.00020984042553191492,146.59685863874347,0.0005210106382978724
,,,,,,118.1750186985789,0.0002904255319148936,151.08451757666415,0.0005417553191489361
,,,,,,118.77337322363499,0.00034148936170212766,157.36724008975318,0.000525
,,,,,,119.07255048616304,0.00042686170212765957,159.76065818997753,0.0004954787234042553
,,,,,,120.86761406133135,0.0005648936170212766,165.74420344053854,0.00043404255319148935
,,,,,,122.36350037397159,0.0006343085106382979,169.03515332834704,0.0004101063829787234
,,,,,,124.15856394913988,0.0005625000000000001,173.8219895287958,0.00041648936170212764
,,,,,,127.15033657442035,0.0004882978723404255,176.81376215407627,0.00044202127659574464
,,,,,,128.94540014958864,0.000463563829787234,178.60882572924456,0.0004683510638297872
,,,,,,130.1421091997008,0.00045478723404255314,181.6005983545251,0.00047393617021276597
,,,,,,131.03964098728494,0.0004476063829787234,186.08825729244572,0.0004555851063829787
,,,,,,133.1338818249813,0.0004460106382978723,191.47344801795063,0.0004954787234042553
,,,,,,134.03141361256544,0.00045957446808510635,193.26851159311892,0.0005042553191489361
,,,,,,135.52729992520568,0.00043484042553191486,196.2602842183994,0.0005050531914893618
,,,,,,137.02318623784592,0.00042925531914893614,201.04712041884815,0.0005273936170212767
,,,,,,138.8182498130142,0.00041489361702127663,206.432311144353,0.0005792553191489361
,,,,,,140.31413612565444,0.0004484042553191489,210.02243829468958,0.0005984042553191489
,,,,,,145.99850411368735,0.000501063829787234,213.91174270755423,0.0005968085106382978
,,,,,,147.79356768885563,0.0005066489361702127,221.39117427075539,0.0005537234042553192
,,,,,,150.4861630516081,0.0005529255319148935,226.47718773373222,0.0005497340425531915
,,,,,,151.9820493642483,0.0005776595744680851,230.0673148840688,0.0005625000000000001
,,,,,,153.7771129394166,0.0005800531914893618,235.75168287210167,0.0005848404255319149
,,,,,,157.36724008975318,0.0005537234042553192,241.73522812266268,0.0006000000000000001
,,,,,,160.65818997756168,0.0005473404255319149,251.00972326103218,0.0005824468085106383
,,,,,,163.94913986537023,0.0005170212765957447,258.78833208676144,0.0005680851063829787
,,,,,,169.93268511593118,0.0004779255319148936,262.67763649962603,0.0005816489361702128
,,,,,,172.6252804786836,0.00048191489361702126,265.37023186237843,0.0006055851063829787
,,,,,,174.4203440538519,0.00047553191489361704,268.36200448765896,0.0006327127659574468
,,,,,,177.7112939416604,0.0006343085106382979,273.74719521316376,0.0006199468085106383
,,,,,,179.20718025430065,0.0006462765957446809,277.9356768885565,0.0006063829787234042
,,,,,,182.79730740463722,0.0006135638297872341,282.1241585639491,0.0006207446808510638
,,,,,,185.48990276738968,0.0005960106382978724,286.91099476439786,0.0006454787234042553
,,,,,,189.37920718025433,0.0005960106382978724,292.29618548990277,0.0006622340425531915
,,,,,,195.0635751682872,0.0005720744680851064,297.08302169035153,0.0006805851063829788
,,,,,,201.94465220643227,0.0005601063829787234,300.9723261032161,0.000676595744680851
,,,,,,204.3380703066567,0.0005656914893617021,306.35751682872103,0.0006646276595744681
,,,,,,206.73148840688103,0.0006327127659574468,312.939416604338,0.0005577127659574468
,,,,,,208.2273747195213,0.0006638297872340426,317.12789827973074,0.0004603723404255319
,,,,,,209.72326103216156,0.0006638297872340426,321.9147344801795,0.0003574468085106383
,,,,,,213.91174270755423,0.0006462765957446809,328.1974569932685,0.00028005319148936174
,,,,,,219.29693343305908,0.0006087765957446809,335.97606581899777,0.00023138297872340422
,,,,,,223.48541510845175,0.0006063829787234042,342.8571428571429,0.0002122340425531915
,,,,,,227.37471952131634,0.0006063829787234042,354.52505609573666,0.00021542553191489363
,,,,,,231.56320119670906,0.0006359042553191489,363.79955123410616,0.0002178191489361702
,,,,,,233.65744203440536,0.000651063829787234,373.07404637247566,0.00019787234042553193
,,,,,,236.64921465968584,0.0006566489361702128,383.24607329842934,0.00017313829787234038
,,,,,,239.9401645474944,0.0006734042553191489,395.8115183246073,0.00014202127659574467
,,,,,,242.93193717277487,0.0006662234042553192,420.9424083769634,0.00010132978723404243
,,,,,,246.22288706058336,0.0006486702127659575,,
,,,,,,250.41136873597608,0.0006335106382978723,,
,,,,,,254.89902767389677,0.0006335106382978723,,
,,,,,,257.8908002991773,0.0006606382978723404,,
,,,,,,261.78010471204186,0.0006821808510638298,,
,,,,,,263.5751682872102,0.0006813829787234043,,
,,,,,,267.1652954375468,0.000675,,
,,,,,,273.1488406881077,0.0006742021276595745,,
,,,,,,278.2348541510845,0.0006606382978723404,,
,,,,,,282.1241585639491,0.0006654255319148936,,
,,,,,,287.2101720269259,0.0006933510638297872,,
,,,,,,290.80029917726256,0.0006917553191489362,,
,,,,,,295.88631264023934,0.0006797872340425532,,
,,,,,,300.07479431563195,0.0006877659574468085,,
,,,,,,302.1690351533283,0.0006869680851063829,,
,,,,,,305.45998504113686,0.0006718085106382979,,
,,,,,,309.05011219147343,0.0006071808510638298,,
,,,,,,312.04188481675396,0.0005321808510638298,,
,,,,,,316.5295437546746,0.0004484042553191489,,
,,,,,,321.31637995512347,0.00037180851063829787,,
,,,,,,328.4966342557965,0.00029920212765957447,,
,,,,,,336.2752430815258,0.00024015957446808507,,
,,,,,,342.25878833208674,0.00021861702127659577,,
,,,,,,344.6522064323111,0.00021702127659574465,,
,,,,,,351.53328347045624,0.00023696808510638293,,
,,,,,,354.22587883320864,0.00023696808510638293,,
,,,,,,359.3118922961854,0.00022021276595744679,,
,,,,,,366.19296933433054,0.00020265957446808508,,
,,,,,,374.27075542258785,0.00018111702127659567,,
,,,,,,382.04936424831715,0.00016595744680851054,,
,,,,,,389.2296185489903,0.00015239361702127664,,
,,,,,,397.6065818997756,0.00013005319148936168,,
,,,,,,409.87284966342554,0.00011170212765957452,,
,,,,,,421.2415856394914,0.00009414893617021281,,
