Experiment (Center),,Experiment (Upper Bound),,Experiment (Lower Bound),,1/8C No Walls,,1/2 W Walls,
X,Y,X,Y,X,Y,X,Y,X,Y
33.207547169811306,0.006676080340839927,32.90566037735846,0.0071800973828362764,33.207547169811306,0.006212370663420574,-0.3018867924528337,0.024960681679853925,-0.6037735849056673,0.02500098904443092
87.84905660377356,0.007485286062081559,88.15094339622641,0.008412720632988438,88.15094339622641,0.006477236762020694,-0.3018867924528337,0.008146165550821666,-0.3018867924528337,0.008126004260499087
99.32075471698113,0.008574573950091296,99.32075471698113,0.009683444917833232,99.62264150943395,0.007768137553256241,0.30188679245281946,0.014880066950699941,1.2075471698113205,0.014900273889227024
110.49056603773582,0.007224330493000607,110.188679245283,0.00968399269628728,110.49056603773582,0.005490459525258673,0.6037735849056531,0.008065566037735852,2.4150943396226268,0.007944689592209373
121.0566037735849,0.009684540474741328,121.0566037735849,0.011821637248934874,121.35849056603772,0.0077087492391965905,1.8113207547169878,0.013509175289105297,2.4150943396226268,0.013347915398660986
132.22641509433961,0.011761716372489349,132.22641509433961,0.012588329275715156,132.22641509433961,0.010209297017650639,2.1132075471698073,0.007460803408399268,3.6226415094339472,0.0075213633597078534
143.09433962264146,0.008838877054169202,143.09433962264146,0.01095581253804017,143.3962264150943,0.007951795496043822,4.226415094339615,0.007037522824102253,4.528301886792448,0.006997215459525259
154.56603773584905,0.012145906877662814,154.26415094339617,0.01389992391965916,154.26415094339617,0.0076902465003043236,10.264150943396217,0.006816052951917225,9.35849056603773,0.006795846013390144
165.4339622641509,0.011723067559342664,165.4339622641509,0.013477099817407181,165.4339622641509,0.009827906269020085,18.113207547169807,0.006735803408399268,16.30188679245282,0.006755873402312845
175.99999999999997,0.009848600121728543,176.3018867924528,0.01222764759586123,175.99999999999997,0.008376825928180155,26.56603773584905,0.006917681071211199,22.339622641509436,0.0068368228849665265
198.03773584905653,0.010857775410833841,198.33962264150935,0.014426339013998783,198.33962264150935,0.009607790626902007,32.60377358490564,0.006938146682897141,28.98113207547169,0.006917802799756543
209.20754716981125,0.0140438222763238,209.20754716981125,0.017128499695678638,209.50943396226413,0.009809966524650032,34.11320754716979,0.00784548082775411,31.396226415094333,0.006917924528301887
220.07547169811315,0.012794370054777847,220.37735849056597,0.015959707851491173,220.37735849056597,0.011020191722458918,34.71698113207546,0.008268898356664639,33.207547169811306,0.00796640292148509
230.94339622641505,0.01241185331710286,231.24528301886787,0.01557719111381619,231.24528301886787,0.009548965307364578,36.226415094339615,0.008732684114424832,35.01886792452828,0.008228590992087646
242.11320754716976,0.014045480827754109,242.41509433962258,0.0160011412051126,242.41509433962258,0.012976947656725503,37.73584905660377,0.009619856968959221,37.13207547169813,0.008793213633597082
253.28301886792448,0.014973463177115034,253.28301886792448,0.01711055995130858,253.58490566037736,0.013340413877054171,38.641509433962256,0.009660225197808889,38.641509433962256,0.00939812842361534
264.4528301886793,0.013885316494217894,264.15094339622635,0.017050623858794887,264.4528301886793,0.01192967133292757,42.2641509433962,0.008571698113207547,43.47169811320754,0.00832982349360925
275.320754716981,0.015337477175897748,275.320754716981,0.018422154595252586,275.62264150943395,0.012514911746804625,45.58490566037736,0.007886381618989656,48.60377358490564,0.007362340231284237
286.18867924528297,0.014934799147900182,286.4905660377358,0.019612233718807062,286.18867924528297,0.012535605599513087,50.11320754716979,0.007201125989044432,54.03773584905659,0.007080356055995132
297.35849056603763,0.016346652465003046,297.35849056603763,0.020701491174680463,297.35849056603763,0.013503910529519172,57.0566037735849,0.00693937918441875,56.45283018867923,0.007544187461959832
308.2264150943396,0.015903651856360317,308.5283018867924,0.018242376749847838,308.5283018867924,0.013625441265976871,59.16981132075472,0.007221743761412051,57.0566037735849,0.008552282410225199
319.39622641509436,0.0073961503347535,319.0943396226414,0.008505006086427267,320.60377358490564,0.006650243457090688,60.075471698113176,0.007866950699939139,59.47169811320754,0.00966127510651248
341.43396226415086,0.004937583688374925,341.43396226415086,0.005522261107729763,341.43396226415086,0.004110970785149118,62.490566037735846,0.008633201460742545,60.98113207547169,0.00964118989653074
374.33962264150944,0.003467468046256847,374.0377358490565,0.003810194765672549,374.33962264150944,0.0031045648204503958,63.39622641509433,0.008673569689592212,63.39622641509433,0.00921792452830189
385.5094339622641,0.0029035149117468025,385.5094339622641,0.0031252891052951925,385.2075471698113,0.002601080340839928,66.71698113207546,0.008330995130858186,67.01886792452828,0.008673752282410227
407.2452830188678,0.0018562233718807074,406.94339622641496,0.002138466220328667,407.2452830188678,0.0017352556299452225,70.33962264150944,0.007927951917224587,70.33962264150944,0.008250532562385879
429.2830188679244,0.0014137857577601956,429.5849056603772,0.0015952525867315888,429.2830188679244,0.0012121728545343886,71.84905660377356,0.007706253804017044,71.84905660377356,0.008734479610468655
,,,,,,74.56603773584905,0.007202358490566038,73.66037735849054,0.010065216068167984
,,,,,,75.77358490566036,0.0074040322580645156,74.86792452830187,0.009883825319537434
,,,,,,77.88679245283018,0.008331558125380403,76.98113207547169,0.009137964090079127
,,,,,,79.69811320754718,0.008815520389531345,77.88679245283018,0.00879526780279976
,,,,,,82.1132075471698,0.00853338405356056,80.30188679245282,0.00865426049908704
,,,,,,86.33962264150941,0.0081303712720633,85.73584905660377,0.008150502130249544
,,,,,,87.84905660377356,0.008049802191113817,86.64150943396226,0.008614257455873402
,,,,,,89.05660377358487,0.009259540474741326,86.64150943396226,0.00915861229458308
,,,,,,89.66037735849056,0.011094248326232502,87.84905660377356,0.010529640900791237
,,,,,,90.56603773584902,0.013473326232501522,87.84905660377356,0.012142544126597689
,,,,,,91.16981132075469,0.014239485696895923,88.45283018867923,0.013815961655508217
,,,,,,92.37735849056602,0.012626643335362142,89.05660377358487,0.013977282410225198
,,,,,,93.88679245283018,0.011255751673767498,91.16981132075469,0.012465292148508824
,,,,,,95.39622641509433,0.009723569689592208,92.37735849056602,0.0113161594643944
,,,,,,98.1132075471698,0.008594674376141205,93.58490566037736,0.010167026780279977
,,,,,,102.33962264150941,0.007284403530127815,96.30188679245282,0.008937325015216067
,,,,,,107.16981132075472,0.0064580340839927,99.01886792452831,0.007989881314668289
,,,,,,108.377358490566,0.006679869141813753,103.24528301886792,0.006921545952525868
,,,,,,110.188679245283,0.007929960438222763,105.35849056603772,0.0065184266585514294
,,,,,,111.69811320754715,0.009301004260499086,106.86792452830187,0.007002373706634205
,,,,,,112.90566037735849,0.010430097382836276,110.79245283018867,0.009099345709068774
,,,,,,113.81132075471695,0.011176110772976262,112.90566037735849,0.011659936092513696
,,,,,,115.01886792452828,0.011901978088861839,113.2075471698113,0.011760757760194767
,,,,,,116.22641509433959,0.010914135727328057,115.92452830188677,0.010490733414485698
,,,,,,118.03773584905656,0.009744872185027391,116.52830188679243,0.010349634814363969
,,,,,,119.2452830188679,0.009240900791235546,118.33962264150944,0.010732790626902007
,,,,,,120.15094339622638,0.009442559342665854,119.84905660377356,0.01079335057821059
,,,,,,122.2641509433962,0.01067250456482045,122.2641509433962,0.010612020693852708
,,,,,,123.77358490566036,0.011680645161290323,126.188679245283,0.010672702373706634
,,,,,,124.37735849056602,0.012285514303104077,129.2075471698113,0.010430919050517346
,,,,,,126.79245283018867,0.012325958612294585,133.13207547169807,0.010169020085209982
,,,,,,129.81132075471695,0.011539820450395618,137.96226415094335,0.009887005477784542
,,,,,,131.62264150943392,0.010975395617772369,141.2830188679245,0.009362979306147292
,,,,,,134.64150943396226,0.010612644552647595,144.30188679245282,0.008879260499087039
,,,,,,137.05660377358487,0.010088572732805844,146.41509433962264,0.008939850882531953
,,,,,,139.4716981132075,0.00928224284844796,148.5283018867924,0.010270602556299451
,,,,,,142.79245283018864,0.00859692635423007,149.73584905660377,0.0119642118076689
,,,,,,144.60377358490564,0.008213953134510045,151.54716981132069,0.013476399878271454
,,,,,,146.41509433962264,0.008214044430919054,152.15094339622638,0.012528849665246502
,,,,,,147.01886792452828,0.009181816798539258,153.66037735849054,0.011621667681071212
,,,,,,148.5283018867924,0.01051253804017042,155.1698113207547,0.011016905051734633
,,,,,,148.83018867924523,0.011883520998174071,157.28301886792448,0.011198463177115033
,,,,,,149.73584905660377,0.01414163116250761,159.99999999999997,0.01200505173463177
,,,,,,152.45283018867926,0.012629671332927571,161.50943396226413,0.012085772976262933
,,,,,,153.0566037735849,0.012206314668289715,164.52830188679243,0.011803667072428485
,,,,,,156.0754716981132,0.012287111990261716,169.96226415094335,0.011158779671332929
,,,,,,157.58490566037736,0.011944446135118686,171.1698113207547,0.010473356664637858
,,,,,,161.81132075471695,0.011319659160073037,174.79245283018864,0.010130797321972003
,,,,,,164.83018867924525,0.010916585514303103,177.2075471698113,0.010735757760194765
,,,,,,167.24528301886787,0.011158642726719417,178.11320754716976,0.012167255021302495
,,,,,,169.96226415094335,0.011340231284236155,179.32075471698116,0.0138003804017042
,,,,,,171.4716981132075,0.01089675897748022,180.83018867924525,0.014667391965916007
,,,,,,173.28301886792448,0.010191205112598906,183.84905660377356,0.014284479610468656
,,,,,,175.39622641509433,0.009062279367011563,185.66037735849054,0.013377312842361534
,,,,,,178.7169811320754,0.00869954351795496,189.28301886792448,0.012369430919050517
,,,,,,180.22641509433961,0.009183490566037737,191.69811320754715,0.012188101034692636
,,,,,,180.83018867924525,0.010756101643335363,195.3207547169811,0.011744735240413877
,,,,,,181.13207547169807,0.013114987827145467,198.64150943396223,0.011019096165550822
,,,,,,182.3396226415094,0.015010209981740718,201.96226415094335,0.010958779671332929
,,,,,,183.24528301886792,0.01557477175897748,205.5849056603773,0.011261381618989652
,,,,,,185.0566037735849,0.014244217894096165,210.41509433962264,0.011886625076080341
,,,,,,187.1698113207547,0.013034646987218504,211.62264150943392,0.011987492391965915
,,,,,,188.67924528301884,0.012187948874010956,214.0377358490566,0.011947291539866099
,,,,,,189.5849056603773,0.011946059038344493,221.5849056603773,0.012209768715763849
,,,,,,192.3018867924528,0.011724421789409616,224.6037735849056,0.011927662811929397
,,,,,,195.3207547169811,0.011341509433962265,228.22641509433956,0.011141555082166767
,,,,,,198.03773584905653,0.010958581862446744,231.24528301886787,0.01091993304930006
,,,,,,200.15094339622638,0.010837720632988436,233.66037735849054,0.01110150639074863
,,,,,,204.0754716981132,0.010958886183810104,236.37735849056597,0.012412127206329884
,,,,,,206.7924528301887,0.01079773280584297,238.188679245283,0.012835605599513087
,,,,,,208.6037735849056,0.010797824102251977,240.6037735849056,0.012654275715155204
,,,,,,212.52830188679243,0.013237538040170421,244.52830188679238,0.012654473524041388
,,,,,,213.7358490566037,0.014447276323797931,249.96226415094335,0.012372489348752283
,,,,,,215.24528301886792,0.014447352404138771,254.49056603773582,0.012130782105903836
,,,,,,217.35849056603766,0.01390310407790627,258.7169811320754,0.012352769324406572
,,,,,,220.07547169811315,0.0126330797321972,262.9433962264151,0.013300562994522215
,,,,,,221.5849056603773,0.012068639683505782,265.35849056603774,0.014429716981132075
,,,,,,222.188679245283,0.011766250760803409,268.37735849056605,0.014470191722458916
,,,,,,224.90566037735843,0.011605097382836275,271.69811320754707,0.014369552647595861
,,,,,,227.01886792452828,0.011383429701765067,275.0188679245282,0.014651978088861838
,,,,,,227.01886792452828,0.011383429701765067,278.33962264150944,0.014369887401095556
,,,,,,229.73584905660377,0.011121469872185027,280.754716981132,0.013825654290931223
,,,,,,231.54716981132074,0.010940109555690811,284.07547169811323,0.013543563603164943
,,,,,,233.66037735849054,0.011222474132684115,286.4905660377358,0.013725136944613511
,,,,,,238.188679245283,0.012996895922093733,289.5094339622641,0.014713192331101643
,,,,,,241.81132075471695,0.01436804625684723,291.3207547169811,0.014531832014607426
,,,,,,243.62264150943392,0.014569750456482044,294.3396226415093,0.01376585514303104
,,,,,,246.0377358490566,0.01398519476567255,296.4528301886792,0.01328209068776628
,,,,,,250.26415094339617,0.01269508520998174,300.0754716981131,0.013020176506390748
,,,,,,252.67924528301884,0.011808110164333536,304.60377358490564,0.012939759586122946
,,,,,,254.79245283018864,0.011505797321972003,310.0377358490565,0.012899710894704809
,,,,,,258.41509433962256,0.011667270237370663,315.4716981132075,0.010460468654899573
,,,,,,261.7358490566038,0.012393244065733415,318.7924528301886,0.008121926354230067
,,,,,,264.4528301886793,0.01348209068776628,322.7169811320755,0.005682608034083995
,,,,,,266.566037735849,0.014570906877662812,328.15094339622635,0.004190946439440051
,,,,,,268.6792452830189,0.01531698113207547,332.37735849056594,0.003747611077297628
,,,,,,269.58490566037733,0.015317026780279975,336.90566037735846,0.0037478393183201474
,,,,,,272.3018867924528,0.014349421789409617,342.64150943396226,0.0038489348752282423
,,,,,,274.7169811320754,0.01334147900182593,347.16981132075466,0.003728195374315277
,,,,,,278.0377358490565,0.01255535605599513,354.11320754716974,0.003486609860012174
,,,,,,281.35849056603774,0.01227326536822885,360.15094339622635,0.0032651399878271467
,,,,,,283.4716981132075,0.01241450091296409,370.11320754716974,0.003285803408399273
,,,,,,289.5094339622641,0.014209160073037127,379.7735849056603,0.0031048387096774197
,,,,,,290.7169811320754,0.014914866098600122,385.5094339622641,0.0029438374923919687
,,,,,,293.7358490566037,0.015660986001217285,394.2641509433962,0.0026620206938527055
,,,,,,295.2452830188679,0.015580416920267803,404.2264150943396,0.0022996195982957976
,,,,,,297.66037735849056,0.014834570906877662,415.9999999999999,0.0018969872185027395
,,,,,,299.7735849056603,0.014028225806451612,421.13207547169804,0.001695632988435787
,,,,,,301.2830188679245,0.013524269628727938,,
,,,,,,303.39622641509436,0.013221956786366403,,
,,,,,,305.8113207547169,0.013222078514911747,,
,,,,,,307.92452830188677,0.013524604382227634,,
,,,,,,310.3396226415093,0.013726339013998782,,
,,,,,,311.84905660377353,0.013222382836275106,,
,,,,,,313.66037735849045,0.012597474132684116,,
,,,,,,314.566037735849,0.011670100426049908,,
,,,,,,315.7735849056603,0.010500806451612903,,
,,,,,,317.2830188679245,0.009311366402921482,,
,,,,,,318.18867924528297,0.008303347534996956,,
,,,,,,319.6981132075472,0.007376004260499086,,
,,,,,,321.8113207547169,0.0059849817407181954,,
,,,,,,324.8301886792452,0.004594004869141813,,
,,,,,,327.84905660377353,0.003928834449178329,,
,,,,,,330.86792452830184,0.0037273737066342086,,
,,,,,,332.67924528301876,0.0038887553256238584,,
,,,,,,336,0.004292148508825321,,
,,,,,,339.0188679245283,0.004735849056603771,,
,,,,,,342.33962264150944,0.0046755325623858805,,
,,,,,,349.58490566037733,0.003929930006086425,,
,,,,,,356.8301886792452,0.0035069080949482676,,
,,,,,,361.0566037735849,0.0034667985392574548,,
,,,,,,367.39622641509425,0.0035477632379793053,,
,,,,,,373.13207547169804,0.0033464394400486916,,
,,,,,,379.7735849056603,0.0030241935483870976,,
,,,,,,391.5471698113206,0.002561077297626297,,
,,,,,,400.3018867924528,0.002238937918441878,,
,,,,,,411.4716981132075,0.0018967589774802202,,
,,,,,,421.7358490566037,0.0016351795496043833,,
